Dataset,MSE
Linear,1.2780705852508545
Gaussian,0.17673356461524964
Dynamical,0.007726401343941688
