epoch,loss
1,0.3879438105568833
2,0.39261661089758076
3,0.38576959227838864
4,0.3818849339944
5,0.37499815193066993
6,0.3674129774505893
7,0.361106358217448
8,0.3540323293786496
9,0.3453263910090551
10,0.33258504451575377
