epoch,loss
1,0.37518819463562314
2,0.3735130251820797
3,0.3668564275571258
4,0.3583830391304569
5,0.39539875580036277
6,0.3507921503002107
7,0.3366576880634425
8,0.33302301788748684
9,0.3265266019905391
10,0.3202328491125416
